,img_name,total_objects,total_area
0,ImgROI_0_Tile_00_Date_20240603.tif,28,82754
1,ImgROI_0_Tile_00_Date_20240608.tif,25,81664
2,ImgROI_0_Tile_00_Date_20240613.tif,33,85613
3,ImgROI_0_Tile_00_Date_20240618.tif,33,86850
4,ImgROI_0_Tile_00_Date_20240623.tif,0,0
5,ImgROI_0_Tile_00_Date_20240628.tif,33,86242
6,ImgROI_0_Tile_00_Date_20240703.tif,0,0
7,ImgROI_0_Tile_00_Date_20240708.tif,33,85716
8,ImgROI_0_Tile_00_Date_20240713.tif,30,84681
9,ImgROI_0_Tile_00_Date_20240718.tif,25,84292
10,ImgROI_0_Tile_00_Date_20240723.tif,35,87131
11,ImgROI_0_Tile_00_Date_20240728.tif,28,89138
12,ImgROI_0_Tile_00_Date_20240802.tif,36,86969
13,ImgROI_0_Tile_00_Date_20240807.tif,36,89083
14,ImgROI_0_Tile_00_Date_20240812.tif,16,11049
15,ImgROI_0_Tile_00_Date_20240817.tif,36,120352
16,ImgROI_0_Tile_00_Date_20240822.tif,19,7153
17,ImgROI_0_Tile_00_Date_20240827.tif,32,108643
18,ImgROI_0_Tile_00_Date_20240901.tif,37,107998
19,ImgROI_0_Tile_00_Date_20240906.tif,35,112000
20,ImgROI_0_Tile_00_Date_20240911.tif,36,108771
21,ImgROI_0_Tile_00_Date_20240916.tif,33,112351
22,ImgROI_0_Tile_00_Date_20240921.tif,30,115280
23,ImgROI_0_Tile_00_Date_20240926.tif,34,112888
24,ImgROI_0_Tile_01_Date_20240603.tif,58,50017
25,ImgROI_0_Tile_01_Date_20240608.tif,37,20210
26,ImgROI_0_Tile_01_Date_20240613.tif,37,20768
27,ImgROI_0_Tile_01_Date_20240618.tif,58,59624
28,ImgROI_0_Tile_01_Date_20240623.tif,0,0
29,ImgROI_0_Tile_01_Date_20240628.tif,73,76017
30,ImgROI_0_Tile_01_Date_20240703.tif,1,85
31,ImgROI_0_Tile_01_Date_20240708.tif,76,86421
32,ImgROI_0_Tile_01_Date_20240713.tif,76,68520
33,ImgROI_0_Tile_01_Date_20240718.tif,40,49495
34,ImgROI_0_Tile_01_Date_20240723.tif,81,91698
35,ImgROI_0_Tile_01_Date_20240728.tif,77,61286
36,ImgROI_0_Tile_01_Date_20240802.tif,78,69769
37,ImgROI_0_Tile_01_Date_20240807.tif,82,77197
38,ImgROI_0_Tile_01_Date_20240812.tif,41,27632
39,ImgROI_0_Tile_01_Date_20240817.tif,67,66653
40,ImgROI_0_Tile_01_Date_20240822.tif,66,61145
41,ImgROI_0_Tile_01_Date_20240827.tif,65,66545
42,ImgROI_0_Tile_01_Date_20240901.tif,78,64626
43,ImgROI_0_Tile_01_Date_20240906.tif,84,72809
44,ImgROI_0_Tile_01_Date_20240911.tif,86,65473
45,ImgROI_0_Tile_01_Date_20240916.tif,82,65447
46,ImgROI_0_Tile_01_Date_20240921.tif,78,71658
47,ImgROI_0_Tile_01_Date_20240926.tif,81,83486
48,ImgROI_0_Tile_02_Date_20240603.tif,99,96115
49,ImgROI_0_Tile_02_Date_20240608.tif,70,34914
50,ImgROI_0_Tile_02_Date_20240613.tif,115,111944
51,ImgROI_0_Tile_02_Date_20240618.tif,103,98219
52,ImgROI_0_Tile_02_Date_20240623.tif,0,0
53,ImgROI_0_Tile_02_Date_20240628.tif,106,100245
54,ImgROI_0_Tile_02_Date_20240703.tif,1,539
55,ImgROI_0_Tile_02_Date_20240708.tif,106,125139
56,ImgROI_0_Tile_02_Date_20240713.tif,103,125407
57,ImgROI_0_Tile_02_Date_20240718.tif,101,130506
58,ImgROI_0_Tile_02_Date_20240723.tif,109,127646
59,ImgROI_0_Tile_02_Date_20240728.tif,63,53681
60,ImgROI_0_Tile_02_Date_20240802.tif,110,121592
61,ImgROI_0_Tile_02_Date_20240807.tif,113,128933
62,ImgROI_0_Tile_02_Date_20240812.tif,66,57507
63,ImgROI_0_Tile_02_Date_20240817.tif,108,124338
64,ImgROI_0_Tile_02_Date_20240822.tif,37,39172
65,ImgROI_0_Tile_02_Date_20240827.tif,105,129406
66,ImgROI_0_Tile_02_Date_20240901.tif,107,121613
67,ImgROI_0_Tile_02_Date_20240906.tif,110,133428
68,ImgROI_0_Tile_02_Date_20240911.tif,104,119026
69,ImgROI_0_Tile_02_Date_20240916.tif,99,119043
70,ImgROI_0_Tile_02_Date_20240921.tif,97,111376
71,ImgROI_0_Tile_02_Date_20240926.tif,96,130209
72,ImgROI_0_Tile_03_Date_20240603.tif,124,92391
73,ImgROI_0_Tile_03_Date_20240608.tif,75,43892
74,ImgROI_0_Tile_03_Date_20240613.tif,108,88542
75,ImgROI_0_Tile_03_Date_20240618.tif,99,79036
76,ImgROI_0_Tile_03_Date_20240623.tif,0,0
77,ImgROI_0_Tile_03_Date_20240628.tif,103,80022
78,ImgROI_0_Tile_03_Date_20240703.tif,0,0
79,ImgROI_0_Tile_03_Date_20240708.tif,103,100181
80,ImgROI_0_Tile_03_Date_20240713.tif,89,48997
81,ImgROI_0_Tile_03_Date_20240718.tif,32,26051
82,ImgROI_0_Tile_03_Date_20240723.tif,106,73785
83,ImgROI_0_Tile_03_Date_20240728.tif,95,86587
84,ImgROI_0_Tile_03_Date_20240802.tif,105,59498
85,ImgROI_0_Tile_03_Date_20240807.tif,114,99597
86,ImgROI_0_Tile_03_Date_20240812.tif,40,32421
87,ImgROI_0_Tile_03_Date_20240817.tif,102,84436
88,ImgROI_0_Tile_03_Date_20240822.tif,7,5083
89,ImgROI_0_Tile_03_Date_20240827.tif,109,83527
90,ImgROI_0_Tile_03_Date_20240901.tif,117,87554
91,ImgROI_0_Tile_03_Date_20240906.tif,111,84070
92,ImgROI_0_Tile_03_Date_20240911.tif,117,89791
93,ImgROI_0_Tile_03_Date_20240916.tif,110,83122
94,ImgROI_0_Tile_03_Date_20240921.tif,108,79930
95,ImgROI_0_Tile_03_Date_20240926.tif,107,82664
96,ImgROI_0_Tile_04_Date_20240603.tif,262,108176
97,ImgROI_0_Tile_04_Date_20240608.tif,2,1566
98,ImgROI_0_Tile_04_Date_20240613.tif,251,111289
99,ImgROI_0_Tile_04_Date_20240618.tif,249,98977
100,ImgROI_0_Tile_04_Date_20240623.tif,0,0
101,ImgROI_0_Tile_04_Date_20240628.tif,245,100732
102,ImgROI_0_Tile_04_Date_20240703.tif,1,61
103,ImgROI_0_Tile_04_Date_20240708.tif,240,96621
104,ImgROI_0_Tile_04_Date_20240713.tif,213,87404
105,ImgROI_0_Tile_04_Date_20240718.tif,249,96153
106,ImgROI_0_Tile_04_Date_20240723.tif,249,97422
107,ImgROI_0_Tile_04_Date_20240728.tif,174,72499
108,ImgROI_0_Tile_04_Date_20240802.tif,247,98446
109,ImgROI_0_Tile_04_Date_20240807.tif,250,99107
110,ImgROI_0_Tile_04_Date_20240812.tif,113,43546
111,ImgROI_0_Tile_04_Date_20240817.tif,248,102462
112,ImgROI_0_Tile_04_Date_20240822.tif,63,26103
113,ImgROI_0_Tile_04_Date_20240827.tif,243,100832
114,ImgROI_0_Tile_04_Date_20240901.tif,244,99462
115,ImgROI_0_Tile_04_Date_20240906.tif,239,96138
116,ImgROI_0_Tile_04_Date_20240911.tif,246,105880
117,ImgROI_0_Tile_04_Date_20240916.tif,244,101883
118,ImgROI_0_Tile_04_Date_20240921.tif,238,101147
119,ImgROI_0_Tile_04_Date_20240926.tif,247,109854
120,ImgROI_0_Tile_05_Date_20240603.tif,68,89025
121,ImgROI_0_Tile_05_Date_20240608.tif,24,29316
122,ImgROI_0_Tile_05_Date_20240613.tif,55,76874
123,ImgROI_0_Tile_05_Date_20240618.tif,55,59082
124,ImgROI_0_Tile_05_Date_20240623.tif,0,0
125,ImgROI_0_Tile_05_Date_20240628.tif,60,93822
126,ImgROI_0_Tile_05_Date_20240703.tif,0,0
127,ImgROI_0_Tile_05_Date_20240708.tif,60,106628
128,ImgROI_0_Tile_05_Date_20240713.tif,60,112643
129,ImgROI_0_Tile_05_Date_20240718.tif,59,105495
130,ImgROI_0_Tile_05_Date_20240723.tif,59,123343
131,ImgROI_0_Tile_05_Date_20240728.tif,23,26362
132,ImgROI_0_Tile_05_Date_20240802.tif,56,102740
133,ImgROI_0_Tile_05_Date_20240807.tif,59,89505
134,ImgROI_0_Tile_05_Date_20240812.tif,26,38674
135,ImgROI_0_Tile_05_Date_20240817.tif,63,104050
136,ImgROI_0_Tile_05_Date_20240822.tif,8,2510
137,ImgROI_0_Tile_05_Date_20240827.tif,65,104836
138,ImgROI_0_Tile_05_Date_20240901.tif,66,100907
139,ImgROI_0_Tile_05_Date_20240906.tif,68,107615
140,ImgROI_0_Tile_05_Date_20240911.tif,59,102335
141,ImgROI_0_Tile_05_Date_20240916.tif,64,103756
142,ImgROI_0_Tile_05_Date_20240921.tif,58,101846
143,ImgROI_0_Tile_05_Date_20240926.tif,63,97577
144,ImgROI_0_Tile_06_Date_20240603.tif,72,122312
145,ImgROI_0_Tile_06_Date_20240608.tif,67,46797
146,ImgROI_0_Tile_06_Date_20240613.tif,64,127124
147,ImgROI_0_Tile_06_Date_20240618.tif,42,33992
148,ImgROI_0_Tile_06_Date_20240623.tif,0,0
149,ImgROI_0_Tile_06_Date_20240628.tif,68,127632
150,ImgROI_0_Tile_06_Date_20240703.tif,0,0
151,ImgROI_0_Tile_06_Date_20240708.tif,80,123825
152,ImgROI_0_Tile_06_Date_20240713.tif,76,123483
153,ImgROI_0_Tile_06_Date_20240718.tif,65,106545
154,ImgROI_0_Tile_06_Date_20240723.tif,72,125455
155,ImgROI_0_Tile_06_Date_20240728.tif,50,74387
156,ImgROI_0_Tile_06_Date_20240802.tif,70,133133
157,ImgROI_0_Tile_06_Date_20240807.tif,76,125243
158,ImgROI_0_Tile_06_Date_20240812.tif,31,14425
159,ImgROI_0_Tile_06_Date_20240817.tif,72,57985
160,ImgROI_0_Tile_06_Date_20240822.tif,28,82975
161,ImgROI_0_Tile_06_Date_20240827.tif,79,125284
162,ImgROI_0_Tile_06_Date_20240901.tif,85,129280
163,ImgROI_0_Tile_06_Date_20240906.tif,84,129125
164,ImgROI_0_Tile_06_Date_20240911.tif,95,131660
165,ImgROI_0_Tile_06_Date_20240916.tif,89,129744
166,ImgROI_0_Tile_06_Date_20240921.tif,94,130945
167,ImgROI_0_Tile_06_Date_20240926.tif,97,126769
168,ImgROI_0_Tile_07_Date_20240603.tif,37,42111
169,ImgROI_0_Tile_07_Date_20240608.tif,2,348
170,ImgROI_0_Tile_07_Date_20240613.tif,43,122387
171,ImgROI_0_Tile_07_Date_20240618.tif,43,112474
172,ImgROI_0_Tile_07_Date_20240623.tif,0,0
173,ImgROI_0_Tile_07_Date_20240628.tif,44,88532
174,ImgROI_0_Tile_07_Date_20240703.tif,0,0
175,ImgROI_0_Tile_07_Date_20240708.tif,48,103001
176,ImgROI_0_Tile_07_Date_20240713.tif,49,96842
177,ImgROI_0_Tile_07_Date_20240718.tif,43,96744
178,ImgROI_0_Tile_07_Date_20240723.tif,48,123168
179,ImgROI_0_Tile_07_Date_20240728.tif,27,25996
180,ImgROI_0_Tile_07_Date_20240802.tif,51,124013
181,ImgROI_0_Tile_07_Date_20240807.tif,52,122398
182,ImgROI_0_Tile_07_Date_20240812.tif,11,8148
183,ImgROI_0_Tile_07_Date_20240817.tif,49,96161
184,ImgROI_0_Tile_07_Date_20240822.tif,7,2511
185,ImgROI_0_Tile_07_Date_20240827.tif,56,130838
186,ImgROI_0_Tile_07_Date_20240901.tif,61,131335
187,ImgROI_0_Tile_07_Date_20240906.tif,59,118099
188,ImgROI_0_Tile_07_Date_20240911.tif,60,124979
189,ImgROI_0_Tile_07_Date_20240916.tif,59,113815
190,ImgROI_0_Tile_07_Date_20240921.tif,54,117770
191,ImgROI_0_Tile_07_Date_20240926.tif,59,110014
192,ImgROI_0_Tile_08_Date_20240603.tif,22,130359
193,ImgROI_0_Tile_08_Date_20240608.tif,3,892
194,ImgROI_0_Tile_08_Date_20240613.tif,19,132828
195,ImgROI_0_Tile_08_Date_20240618.tif,19,132818
196,ImgROI_0_Tile_08_Date_20240623.tif,0,0
197,ImgROI_0_Tile_08_Date_20240628.tif,25,134324
198,ImgROI_0_Tile_08_Date_20240703.tif,0,0
199,ImgROI_0_Tile_08_Date_20240708.tif,21,130201
200,ImgROI_0_Tile_08_Date_20240713.tif,22,132851
201,ImgROI_0_Tile_08_Date_20240718.tif,20,128167
202,ImgROI_0_Tile_08_Date_20240723.tif,19,130632
203,ImgROI_0_Tile_08_Date_20240728.tif,17,11282
204,ImgROI_0_Tile_08_Date_20240802.tif,21,131140
205,ImgROI_0_Tile_08_Date_20240807.tif,21,132126
206,ImgROI_0_Tile_08_Date_20240812.tif,17,11110
207,ImgROI_0_Tile_08_Date_20240817.tif,18,132412
208,ImgROI_0_Tile_08_Date_20240822.tif,7,8685
209,ImgROI_0_Tile_08_Date_20240827.tif,18,141969
210,ImgROI_0_Tile_08_Date_20240901.tif,21,122169
211,ImgROI_0_Tile_08_Date_20240906.tif,20,141731
212,ImgROI_0_Tile_08_Date_20240911.tif,21,132596
213,ImgROI_0_Tile_08_Date_20240916.tif,21,136947
214,ImgROI_0_Tile_08_Date_20240921.tif,18,136204
215,ImgROI_0_Tile_08_Date_20240926.tif,20,138003
216,ImgROI_0_Tile_09_Date_20240603.tif,111,122777
217,ImgROI_0_Tile_09_Date_20240608.tif,110,109756
218,ImgROI_0_Tile_09_Date_20240613.tif,104,88632
219,ImgROI_0_Tile_09_Date_20240618.tif,80,50232
220,ImgROI_0_Tile_09_Date_20240623.tif,0,0
221,ImgROI_0_Tile_09_Date_20240628.tif,100,127506
222,ImgROI_0_Tile_09_Date_20240703.tif,0,0
223,ImgROI_0_Tile_09_Date_20240708.tif,104,150172
224,ImgROI_0_Tile_09_Date_20240713.tif,108,153809
225,ImgROI_0_Tile_09_Date_20240718.tif,115,152882
226,ImgROI_0_Tile_09_Date_20240723.tif,109,153900
227,ImgROI_0_Tile_09_Date_20240728.tif,69,35760
228,ImgROI_0_Tile_09_Date_20240802.tif,119,152091
229,ImgROI_0_Tile_09_Date_20240807.tif,129,160573
230,ImgROI_0_Tile_09_Date_20240812.tif,42,42049
231,ImgROI_0_Tile_09_Date_20240817.tif,132,162516
232,ImgROI_0_Tile_09_Date_20240822.tif,9,2909
233,ImgROI_0_Tile_09_Date_20240827.tif,124,158929
234,ImgROI_0_Tile_09_Date_20240901.tif,132,163890
235,ImgROI_0_Tile_09_Date_20240906.tif,133,161710
236,ImgROI_0_Tile_09_Date_20240911.tif,140,168200
237,ImgROI_0_Tile_09_Date_20240916.tif,137,162258
238,ImgROI_0_Tile_09_Date_20240921.tif,132,164832
239,ImgROI_0_Tile_09_Date_20240926.tif,139,170051
240,ImgROI_0_Tile_10_Date_20240603.tif,61,60804
241,ImgROI_0_Tile_10_Date_20240608.tif,16,7741
242,ImgROI_0_Tile_10_Date_20240613.tif,58,63897
243,ImgROI_0_Tile_10_Date_20240618.tif,65,61470
244,ImgROI_0_Tile_10_Date_20240623.tif,0,0
245,ImgROI_0_Tile_10_Date_20240628.tif,57,61014
246,ImgROI_0_Tile_10_Date_20240703.tif,0,0
247,ImgROI_0_Tile_10_Date_20240708.tif,56,61973
248,ImgROI_0_Tile_10_Date_20240713.tif,53,57938
249,ImgROI_0_Tile_10_Date_20240718.tif,30,21145
250,ImgROI_0_Tile_10_Date_20240723.tif,56,61121
251,ImgROI_0_Tile_10_Date_20240728.tif,48,24124
252,ImgROI_0_Tile_10_Date_20240802.tif,60,62680
253,ImgROI_0_Tile_10_Date_20240807.tif,62,68555
254,ImgROI_0_Tile_10_Date_20240812.tif,45,23226
255,ImgROI_0_Tile_10_Date_20240817.tif,56,67028
256,ImgROI_0_Tile_10_Date_20240822.tif,4,1278
257,ImgROI_0_Tile_10_Date_20240827.tif,53,119888
258,ImgROI_0_Tile_10_Date_20240901.tif,57,120839
259,ImgROI_0_Tile_10_Date_20240906.tif,56,120031
260,ImgROI_0_Tile_10_Date_20240911.tif,55,118768
261,ImgROI_0_Tile_10_Date_20240916.tif,58,121257
262,ImgROI_0_Tile_10_Date_20240921.tif,52,108866
263,ImgROI_0_Tile_10_Date_20240926.tif,56,120403
264,ImgROI_0_Tile_11_Date_20240603.tif,114,104323
265,ImgROI_0_Tile_11_Date_20240608.tif,102,101603
266,ImgROI_0_Tile_11_Date_20240613.tif,100,78467
267,ImgROI_0_Tile_11_Date_20240618.tif,103,79867
268,ImgROI_0_Tile_11_Date_20240623.tif,0,0
269,ImgROI_0_Tile_11_Date_20240628.tif,107,75144
270,ImgROI_0_Tile_11_Date_20240703.tif,0,0
271,ImgROI_0_Tile_11_Date_20240708.tif,108,80353
272,ImgROI_0_Tile_11_Date_20240713.tif,96,78816
273,ImgROI_0_Tile_11_Date_20240718.tif,44,48016
274,ImgROI_0_Tile_11_Date_20240723.tif,100,78611
275,ImgROI_0_Tile_11_Date_20240728.tif,92,64752
276,ImgROI_0_Tile_11_Date_20240802.tif,105,82855
277,ImgROI_0_Tile_11_Date_20240807.tif,111,80923
278,ImgROI_0_Tile_11_Date_20240812.tif,35,11463
279,ImgROI_0_Tile_11_Date_20240817.tif,105,79086
280,ImgROI_0_Tile_11_Date_20240822.tif,0,0
281,ImgROI_0_Tile_11_Date_20240827.tif,105,93130
282,ImgROI_0_Tile_11_Date_20240901.tif,109,99664
283,ImgROI_0_Tile_11_Date_20240906.tif,106,76341
284,ImgROI_0_Tile_11_Date_20240911.tif,113,98607
285,ImgROI_0_Tile_11_Date_20240916.tif,112,96112
286,ImgROI_0_Tile_11_Date_20240921.tif,106,92048
287,ImgROI_0_Tile_11_Date_20240926.tif,114,78871
288,ImgROI_0_Tile_12_Date_20240603.tif,77,32251
289,ImgROI_0_Tile_12_Date_20240608.tif,0,0
290,ImgROI_0_Tile_12_Date_20240613.tif,34,10344
291,ImgROI_0_Tile_12_Date_20240618.tif,61,39389
292,ImgROI_0_Tile_12_Date_20240623.tif,0,0
293,ImgROI_0_Tile_12_Date_20240628.tif,69,87735
294,ImgROI_0_Tile_12_Date_20240703.tif,2,2440
295,ImgROI_0_Tile_12_Date_20240708.tif,71,33259
296,ImgROI_0_Tile_12_Date_20240713.tif,54,82922
297,ImgROI_0_Tile_12_Date_20240718.tif,75,47943
298,ImgROI_0_Tile_12_Date_20240723.tif,95,34235
299,ImgROI_0_Tile_12_Date_20240728.tif,70,21317
300,ImgROI_0_Tile_12_Date_20240802.tif,98,35866
301,ImgROI_0_Tile_12_Date_20240807.tif,114,44407
302,ImgROI_0_Tile_12_Date_20240812.tif,0,0
303,ImgROI_0_Tile_12_Date_20240817.tif,108,42332
304,ImgROI_0_Tile_12_Date_20240822.tif,8,1749
305,ImgROI_0_Tile_12_Date_20240827.tif,108,42364
306,ImgROI_0_Tile_12_Date_20240901.tif,116,45482
307,ImgROI_0_Tile_12_Date_20240906.tif,121,43667
308,ImgROI_0_Tile_12_Date_20240911.tif,121,50059
309,ImgROI_0_Tile_12_Date_20240916.tif,115,42841
310,ImgROI_0_Tile_12_Date_20240921.tif,112,40899
311,ImgROI_0_Tile_12_Date_20240926.tif,118,42474
312,ImgROI_0_Tile_13_Date_20240603.tif,259,111354
313,ImgROI_0_Tile_13_Date_20240608.tif,0,0
314,ImgROI_0_Tile_13_Date_20240613.tif,228,112512
315,ImgROI_0_Tile_13_Date_20240618.tif,240,103049
316,ImgROI_0_Tile_13_Date_20240623.tif,0,0
317,ImgROI_0_Tile_13_Date_20240628.tif,241,100154
318,ImgROI_0_Tile_13_Date_20240703.tif,1,1114
319,ImgROI_0_Tile_13_Date_20240708.tif,231,97394
320,ImgROI_0_Tile_13_Date_20240713.tif,210,95997
321,ImgROI_0_Tile_13_Date_20240718.tif,238,99378
322,ImgROI_0_Tile_13_Date_20240723.tif,240,105817
323,ImgROI_0_Tile_13_Date_20240728.tif,164,68554
324,ImgROI_0_Tile_13_Date_20240802.tif,233,96404
325,ImgROI_0_Tile_13_Date_20240807.tif,248,101098
326,ImgROI_0_Tile_13_Date_20240812.tif,113,47714
327,ImgROI_0_Tile_13_Date_20240817.tif,237,101924
328,ImgROI_0_Tile_13_Date_20240822.tif,37,19685
329,ImgROI_0_Tile_13_Date_20240827.tif,228,100008
330,ImgROI_0_Tile_13_Date_20240901.tif,235,101253
331,ImgROI_0_Tile_13_Date_20240906.tif,235,100442
332,ImgROI_0_Tile_13_Date_20240911.tif,238,102324
333,ImgROI_0_Tile_13_Date_20240916.tif,243,102304
334,ImgROI_0_Tile_13_Date_20240921.tif,236,102736
335,ImgROI_0_Tile_13_Date_20240926.tif,244,106974
336,ImgROI_0_Tile_14_Date_20240603.tif,104,74611
337,ImgROI_0_Tile_14_Date_20240608.tif,77,45387
338,ImgROI_0_Tile_14_Date_20240613.tif,105,132119
339,ImgROI_0_Tile_14_Date_20240618.tif,107,140678
340,ImgROI_0_Tile_14_Date_20240623.tif,1,102
341,ImgROI_0_Tile_14_Date_20240628.tif,99,71345
342,ImgROI_0_Tile_14_Date_20240703.tif,1,291
343,ImgROI_0_Tile_14_Date_20240708.tif,109,73145
344,ImgROI_0_Tile_14_Date_20240713.tif,104,66367
345,ImgROI_0_Tile_14_Date_20240718.tif,115,80400
346,ImgROI_0_Tile_14_Date_20240723.tif,109,79887
347,ImgROI_0_Tile_14_Date_20240728.tif,88,60884
348,ImgROI_0_Tile_14_Date_20240802.tif,126,81309
349,ImgROI_0_Tile_14_Date_20240807.tif,133,79040
350,ImgROI_0_Tile_14_Date_20240812.tif,89,67014
351,ImgROI_0_Tile_14_Date_20240817.tif,135,90657
352,ImgROI_0_Tile_14_Date_20240822.tif,52,71002
353,ImgROI_0_Tile_14_Date_20240827.tif,122,82703
354,ImgROI_0_Tile_14_Date_20240901.tif,129,88432
355,ImgROI_0_Tile_14_Date_20240906.tif,122,76814
356,ImgROI_0_Tile_14_Date_20240911.tif,131,82583
357,ImgROI_0_Tile_14_Date_20240916.tif,128,80421
358,ImgROI_0_Tile_14_Date_20240921.tif,123,90985
359,ImgROI_0_Tile_14_Date_20240926.tif,128,89758
360,ImgROI_0_Tile_15_Date_20240603.tif,39,10250
361,ImgROI_0_Tile_15_Date_20240608.tif,9,1217
362,ImgROI_0_Tile_15_Date_20240613.tif,48,39604
363,ImgROI_0_Tile_15_Date_20240618.tif,64,113031
364,ImgROI_0_Tile_15_Date_20240623.tif,1,344
365,ImgROI_0_Tile_15_Date_20240628.tif,54,85176
366,ImgROI_0_Tile_15_Date_20240703.tif,4,1330
367,ImgROI_0_Tile_15_Date_20240708.tif,60,86477
368,ImgROI_0_Tile_15_Date_20240713.tif,64,150973
369,ImgROI_0_Tile_15_Date_20240718.tif,62,113615
370,ImgROI_0_Tile_15_Date_20240723.tif,63,112785
371,ImgROI_0_Tile_15_Date_20240728.tif,48,15736
372,ImgROI_0_Tile_15_Date_20240802.tif,71,155102
373,ImgROI_0_Tile_15_Date_20240807.tif,78,120732
374,ImgROI_0_Tile_15_Date_20240812.tif,65,43588
375,ImgROI_0_Tile_15_Date_20240817.tif,79,158471
376,ImgROI_0_Tile_15_Date_20240822.tif,9,141
377,ImgROI_0_Tile_15_Date_20240827.tif,72,117688
378,ImgROI_0_Tile_15_Date_20240901.tif,86,93537
379,ImgROI_0_Tile_15_Date_20240906.tif,86,97403
380,ImgROI_0_Tile_15_Date_20240911.tif,87,96111
381,ImgROI_0_Tile_15_Date_20240916.tif,90,96587
382,ImgROI_0_Tile_15_Date_20240921.tif,82,97745
383,ImgROI_0_Tile_15_Date_20240926.tif,91,100189
384,ImgROI_0_Tile_16_Date_20240603.tif,10,2246
385,ImgROI_0_Tile_16_Date_20240608.tif,10,69008
386,ImgROI_0_Tile_16_Date_20240613.tif,6,67613
387,ImgROI_0_Tile_16_Date_20240618.tif,4,66102
388,ImgROI_0_Tile_16_Date_20240623.tif,0,0
389,ImgROI_0_Tile_16_Date_20240628.tif,3,65642
390,ImgROI_0_Tile_16_Date_20240703.tif,0,0
391,ImgROI_0_Tile_16_Date_20240708.tif,5,67092
392,ImgROI_0_Tile_16_Date_20240713.tif,5,66376
393,ImgROI_0_Tile_16_Date_20240718.tif,10,62076
394,ImgROI_0_Tile_16_Date_20240723.tif,8,67633
395,ImgROI_0_Tile_16_Date_20240728.tif,13,6802
396,ImgROI_0_Tile_16_Date_20240802.tif,8,67907
397,ImgROI_0_Tile_16_Date_20240807.tif,10,67833
398,ImgROI_0_Tile_16_Date_20240812.tif,10,6149
399,ImgROI_0_Tile_16_Date_20240817.tif,8,67527
400,ImgROI_0_Tile_16_Date_20240822.tif,9,68839
401,ImgROI_0_Tile_16_Date_20240827.tif,5,65840
402,ImgROI_0_Tile_16_Date_20240901.tif,8,66631
403,ImgROI_0_Tile_16_Date_20240906.tif,8,66637
404,ImgROI_0_Tile_16_Date_20240911.tif,6,65907
405,ImgROI_0_Tile_16_Date_20240916.tif,6,65891
406,ImgROI_0_Tile_16_Date_20240921.tif,6,65889
407,ImgROI_0_Tile_16_Date_20240926.tif,7,65956
408,ImgROI_0_Tile_17_Date_20240603.tif,115,96329
409,ImgROI_0_Tile_17_Date_20240608.tif,81,41140
410,ImgROI_0_Tile_17_Date_20240613.tif,92,79807
411,ImgROI_0_Tile_17_Date_20240618.tif,114,102229
412,ImgROI_0_Tile_17_Date_20240623.tif,0,0
413,ImgROI_0_Tile_17_Date_20240628.tif,119,102002
414,ImgROI_0_Tile_17_Date_20240703.tif,0,0
415,ImgROI_0_Tile_17_Date_20240708.tif,119,87612
416,ImgROI_0_Tile_17_Date_20240713.tif,107,109046
417,ImgROI_0_Tile_17_Date_20240718.tif,113,90724
418,ImgROI_0_Tile_17_Date_20240723.tif,124,92105
419,ImgROI_0_Tile_17_Date_20240728.tif,105,90940
420,ImgROI_0_Tile_17_Date_20240802.tif,138,104091
421,ImgROI_0_Tile_17_Date_20240807.tif,141,97836
422,ImgROI_0_Tile_17_Date_20240812.tif,46,20914
423,ImgROI_0_Tile_17_Date_20240817.tif,139,97357
424,ImgROI_0_Tile_17_Date_20240822.tif,30,13091
425,ImgROI_0_Tile_17_Date_20240827.tif,135,71693
426,ImgROI_0_Tile_17_Date_20240901.tif,140,74038
427,ImgROI_0_Tile_17_Date_20240906.tif,139,82466
428,ImgROI_0_Tile_17_Date_20240911.tif,143,87420
429,ImgROI_0_Tile_17_Date_20240916.tif,146,86324
430,ImgROI_0_Tile_17_Date_20240921.tif,134,79462
431,ImgROI_0_Tile_17_Date_20240926.tif,116,56344
432,ImgROI_0_Tile_18_Date_20240603.tif,11,83070
433,ImgROI_0_Tile_18_Date_20240608.tif,0,0
434,ImgROI_0_Tile_18_Date_20240613.tif,4,93838
435,ImgROI_0_Tile_18_Date_20240618.tif,9,77564
436,ImgROI_0_Tile_18_Date_20240623.tif,0,0
437,ImgROI_0_Tile_18_Date_20240628.tif,6,94131
438,ImgROI_0_Tile_18_Date_20240703.tif,0,0
439,ImgROI_0_Tile_18_Date_20240708.tif,8,94672
440,ImgROI_0_Tile_18_Date_20240713.tif,8,95004
441,ImgROI_0_Tile_18_Date_20240718.tif,9,80208
442,ImgROI_0_Tile_18_Date_20240723.tif,9,94848
443,ImgROI_0_Tile_18_Date_20240728.tif,15,69184
444,ImgROI_0_Tile_18_Date_20240802.tif,7,94252
445,ImgROI_0_Tile_18_Date_20240807.tif,10,81540
446,ImgROI_0_Tile_18_Date_20240812.tif,4,2687
447,ImgROI_0_Tile_18_Date_20240817.tif,8,94826
448,ImgROI_0_Tile_18_Date_20240822.tif,4,4012
449,ImgROI_0_Tile_18_Date_20240827.tif,10,95065
450,ImgROI_0_Tile_18_Date_20240901.tif,9,94639
451,ImgROI_0_Tile_18_Date_20240906.tif,8,94511
452,ImgROI_0_Tile_18_Date_20240911.tif,10,94291
453,ImgROI_0_Tile_18_Date_20240916.tif,9,93896
454,ImgROI_0_Tile_18_Date_20240921.tif,10,94826
455,ImgROI_0_Tile_18_Date_20240926.tif,15,64673
456,ImgROI_0_Tile_19_Date_20240603.tif,92,118770
457,ImgROI_0_Tile_19_Date_20240608.tif,69,48279
458,ImgROI_0_Tile_19_Date_20240613.tif,97,119742
459,ImgROI_0_Tile_19_Date_20240618.tif,100,65818
460,ImgROI_0_Tile_19_Date_20240623.tif,0,0
461,ImgROI_0_Tile_19_Date_20240628.tif,109,63691
462,ImgROI_0_Tile_19_Date_20240703.tif,65,30824
463,ImgROI_0_Tile_19_Date_20240708.tif,113,119743
464,ImgROI_0_Tile_19_Date_20240713.tif,119,75477
465,ImgROI_0_Tile_19_Date_20240718.tif,91,50233
466,ImgROI_0_Tile_19_Date_20240723.tif,106,129356
467,ImgROI_0_Tile_19_Date_20240728.tif,77,101008
468,ImgROI_0_Tile_19_Date_20240802.tif,111,133971
469,ImgROI_0_Tile_19_Date_20240807.tif,115,129260
470,ImgROI_0_Tile_19_Date_20240812.tif,18,14609
471,ImgROI_0_Tile_19_Date_20240817.tif,117,147224
472,ImgROI_0_Tile_19_Date_20240822.tif,23,11254
473,ImgROI_0_Tile_19_Date_20240827.tif,114,133003
474,ImgROI_0_Tile_19_Date_20240901.tif,126,134948
475,ImgROI_0_Tile_19_Date_20240906.tif,119,128706
476,ImgROI_0_Tile_19_Date_20240911.tif,128,135224
477,ImgROI_0_Tile_19_Date_20240916.tif,124,128753
478,ImgROI_0_Tile_19_Date_20240921.tif,122,140233
479,ImgROI_0_Tile_19_Date_20240926.tif,133,135523
480,ImgROI_0_Tile_20_Date_20240603.tif,129,68583
481,ImgROI_0_Tile_20_Date_20240608.tif,2,104
482,ImgROI_0_Tile_20_Date_20240613.tif,105,53026
483,ImgROI_0_Tile_20_Date_20240618.tif,100,55483
484,ImgROI_0_Tile_20_Date_20240623.tif,0,0
485,ImgROI_0_Tile_20_Date_20240628.tif,122,63549
486,ImgROI_0_Tile_20_Date_20240703.tif,0,0
487,ImgROI_0_Tile_20_Date_20240708.tif,122,80239
488,ImgROI_0_Tile_20_Date_20240713.tif,111,72492
489,ImgROI_0_Tile_20_Date_20240718.tif,122,75471
490,ImgROI_0_Tile_20_Date_20240723.tif,122,68035
491,ImgROI_0_Tile_20_Date_20240728.tif,63,30242
492,ImgROI_0_Tile_20_Date_20240802.tif,124,78751
493,ImgROI_0_Tile_20_Date_20240807.tif,134,71770
494,ImgROI_0_Tile_20_Date_20240812.tif,26,12447
495,ImgROI_0_Tile_20_Date_20240817.tif,133,70823
496,ImgROI_0_Tile_20_Date_20240822.tif,28,18957
497,ImgROI_0_Tile_20_Date_20240827.tif,132,81496
498,ImgROI_0_Tile_20_Date_20240901.tif,149,97905
499,ImgROI_0_Tile_20_Date_20240906.tif,152,88918
500,ImgROI_0_Tile_20_Date_20240911.tif,158,100547
501,ImgROI_0_Tile_20_Date_20240916.tif,147,86590
502,ImgROI_0_Tile_20_Date_20240921.tif,138,94375
503,ImgROI_0_Tile_20_Date_20240926.tif,145,72019
504,ImgROI_0_Tile_21_Date_20240603.tif,20,20072
505,ImgROI_0_Tile_21_Date_20240608.tif,1,80
506,ImgROI_0_Tile_21_Date_20240613.tif,3,4573
507,ImgROI_0_Tile_21_Date_20240618.tif,20,65752
508,ImgROI_0_Tile_21_Date_20240623.tif,0,0
509,ImgROI_0_Tile_21_Date_20240628.tif,31,101559
510,ImgROI_0_Tile_21_Date_20240703.tif,0,0
511,ImgROI_0_Tile_21_Date_20240708.tif,30,104838
512,ImgROI_0_Tile_21_Date_20240713.tif,30,101204
513,ImgROI_0_Tile_21_Date_20240718.tif,32,100699
514,ImgROI_0_Tile_21_Date_20240723.tif,32,104826
515,ImgROI_0_Tile_21_Date_20240728.tif,25,87590
516,ImgROI_0_Tile_21_Date_20240802.tif,31,94037
517,ImgROI_0_Tile_21_Date_20240807.tif,35,95162
518,ImgROI_0_Tile_21_Date_20240812.tif,1,289
519,ImgROI_0_Tile_21_Date_20240817.tif,31,98821
520,ImgROI_0_Tile_21_Date_20240822.tif,14,9202
521,ImgROI_0_Tile_21_Date_20240827.tif,32,94374
522,ImgROI_0_Tile_21_Date_20240901.tif,29,93468
523,ImgROI_0_Tile_21_Date_20240906.tif,29,98277
524,ImgROI_0_Tile_21_Date_20240911.tif,30,46964
525,ImgROI_0_Tile_21_Date_20240916.tif,30,94100
526,ImgROI_0_Tile_21_Date_20240921.tif,30,93509
527,ImgROI_0_Tile_21_Date_20240926.tif,34,101901
528,ImgROI_0_Tile_22_Date_20240603.tif,37,17822
529,ImgROI_0_Tile_22_Date_20240608.tif,22,5345
530,ImgROI_0_Tile_22_Date_20240613.tif,16,15433
531,ImgROI_0_Tile_22_Date_20240618.tif,39,31136
532,ImgROI_0_Tile_22_Date_20240623.tif,0,0
533,ImgROI_0_Tile_22_Date_20240628.tif,46,111648
534,ImgROI_0_Tile_22_Date_20240703.tif,3,1518
535,ImgROI_0_Tile_22_Date_20240708.tif,49,111076
536,ImgROI_0_Tile_22_Date_20240713.tif,54,105422
537,ImgROI_0_Tile_22_Date_20240718.tif,55,93451
538,ImgROI_0_Tile_22_Date_20240723.tif,48,89118
539,ImgROI_0_Tile_22_Date_20240728.tif,53,93078
540,ImgROI_0_Tile_22_Date_20240802.tif,60,103982
541,ImgROI_0_Tile_22_Date_20240807.tif,60,105470
542,ImgROI_0_Tile_22_Date_20240812.tif,40,33424
543,ImgROI_0_Tile_22_Date_20240817.tif,54,99683
544,ImgROI_0_Tile_22_Date_20240822.tif,4,4889
545,ImgROI_0_Tile_22_Date_20240827.tif,54,95424
546,ImgROI_0_Tile_22_Date_20240901.tif,66,99396
547,ImgROI_0_Tile_22_Date_20240906.tif,59,101166
548,ImgROI_0_Tile_22_Date_20240911.tif,65,88013
549,ImgROI_0_Tile_22_Date_20240916.tif,64,98504
550,ImgROI_0_Tile_22_Date_20240921.tif,66,98470
551,ImgROI_0_Tile_22_Date_20240926.tif,68,95197
552,ImgROI_0_Tile_23_Date_20240603.tif,24,115470
553,ImgROI_0_Tile_23_Date_20240608.tif,5,27650
554,ImgROI_0_Tile_23_Date_20240613.tif,18,136171
555,ImgROI_0_Tile_23_Date_20240618.tif,15,135121
556,ImgROI_0_Tile_23_Date_20240623.tif,0,0
557,ImgROI_0_Tile_23_Date_20240628.tif,19,140531
558,ImgROI_0_Tile_23_Date_20240703.tif,0,0
559,ImgROI_0_Tile_23_Date_20240708.tif,22,137474
560,ImgROI_0_Tile_23_Date_20240713.tif,22,138352
561,ImgROI_0_Tile_23_Date_20240718.tif,20,114832
562,ImgROI_0_Tile_23_Date_20240723.tif,21,139285
563,ImgROI_0_Tile_23_Date_20240728.tif,19,24610
564,ImgROI_0_Tile_23_Date_20240802.tif,23,145228
565,ImgROI_0_Tile_23_Date_20240807.tif,18,136043
566,ImgROI_0_Tile_23_Date_20240812.tif,20,20706
567,ImgROI_0_Tile_23_Date_20240817.tif,22,144450
568,ImgROI_0_Tile_23_Date_20240822.tif,6,8126
569,ImgROI_0_Tile_23_Date_20240827.tif,21,140105
570,ImgROI_0_Tile_23_Date_20240901.tif,22,140910
571,ImgROI_0_Tile_23_Date_20240906.tif,26,142857
572,ImgROI_0_Tile_23_Date_20240911.tif,16,66143
573,ImgROI_0_Tile_23_Date_20240916.tif,17,68512
574,ImgROI_0_Tile_23_Date_20240921.tif,17,92088
575,ImgROI_0_Tile_23_Date_20240926.tif,20,93037
576,ImgROI_0_Tile_24_Date_20240603.tif,68,50760
577,ImgROI_0_Tile_24_Date_20240608.tif,82,62423
578,ImgROI_0_Tile_24_Date_20240613.tif,78,147493
579,ImgROI_0_Tile_24_Date_20240618.tif,81,65797
580,ImgROI_0_Tile_24_Date_20240623.tif,0,0
581,ImgROI_0_Tile_24_Date_20240628.tif,76,72831
582,ImgROI_0_Tile_24_Date_20240703.tif,0,0
583,ImgROI_0_Tile_24_Date_20240708.tif,82,75624
584,ImgROI_0_Tile_24_Date_20240713.tif,80,74038
585,ImgROI_0_Tile_24_Date_20240718.tif,37,26133
586,ImgROI_0_Tile_24_Date_20240723.tif,80,73229
587,ImgROI_0_Tile_24_Date_20240728.tif,49,25886
588,ImgROI_0_Tile_24_Date_20240802.tif,82,73200
589,ImgROI_0_Tile_24_Date_20240807.tif,95,77154
590,ImgROI_0_Tile_24_Date_20240812.tif,20,14954
591,ImgROI_0_Tile_24_Date_20240817.tif,87,130595
592,ImgROI_0_Tile_24_Date_20240822.tif,58,33617
593,ImgROI_0_Tile_24_Date_20240827.tif,82,120028
594,ImgROI_0_Tile_24_Date_20240901.tif,89,52035
595,ImgROI_0_Tile_24_Date_20240906.tif,86,116735
596,ImgROI_0_Tile_24_Date_20240911.tif,94,125335
597,ImgROI_0_Tile_24_Date_20240916.tif,89,116681
598,ImgROI_0_Tile_24_Date_20240921.tif,86,124661
599,ImgROI_0_Tile_24_Date_20240926.tif,100,130886
600,ImgROI_0_Tile_25_Date_20240603.tif,94,108400
601,ImgROI_0_Tile_25_Date_20240608.tif,40,31533
602,ImgROI_0_Tile_25_Date_20240613.tif,81,87334
603,ImgROI_0_Tile_25_Date_20240618.tif,83,77209
604,ImgROI_0_Tile_25_Date_20240623.tif,0,0
605,ImgROI_0_Tile_25_Date_20240628.tif,86,92762
606,ImgROI_0_Tile_25_Date_20240703.tif,0,0
607,ImgROI_0_Tile_25_Date_20240708.tif,89,129278
608,ImgROI_0_Tile_25_Date_20240713.tif,87,123000
609,ImgROI_0_Tile_25_Date_20240718.tif,50,39400
610,ImgROI_0_Tile_25_Date_20240723.tif,91,126500
611,ImgROI_0_Tile_25_Date_20240728.tif,66,97378
612,ImgROI_0_Tile_25_Date_20240802.tif,104,135299
613,ImgROI_0_Tile_25_Date_20240807.tif,104,131395
614,ImgROI_0_Tile_25_Date_20240812.tif,60,52154
615,ImgROI_0_Tile_25_Date_20240817.tif,97,125186
616,ImgROI_0_Tile_25_Date_20240822.tif,56,89011
617,ImgROI_0_Tile_25_Date_20240827.tif,104,126471
618,ImgROI_0_Tile_25_Date_20240901.tif,102,124389
619,ImgROI_0_Tile_25_Date_20240906.tif,104,128619
620,ImgROI_0_Tile_25_Date_20240911.tif,107,125804
621,ImgROI_0_Tile_25_Date_20240916.tif,104,128370
622,ImgROI_0_Tile_25_Date_20240921.tif,101,136545
623,ImgROI_0_Tile_25_Date_20240926.tif,87,129375
624,ImgROI_0_Tile_26_Date_20240603.tif,20,70695
625,ImgROI_0_Tile_26_Date_20240608.tif,21,70309
626,ImgROI_0_Tile_26_Date_20240613.tif,16,69174
627,ImgROI_0_Tile_26_Date_20240618.tif,17,68468
628,ImgROI_0_Tile_26_Date_20240623.tif,0,0
629,ImgROI_0_Tile_26_Date_20240628.tif,17,68652
630,ImgROI_0_Tile_26_Date_20240703.tif,0,0
631,ImgROI_0_Tile_26_Date_20240708.tif,16,67828
632,ImgROI_0_Tile_26_Date_20240713.tif,16,68432
633,ImgROI_0_Tile_26_Date_20240718.tif,11,64592
634,ImgROI_0_Tile_26_Date_20240723.tif,16,68118
635,ImgROI_0_Tile_26_Date_20240728.tif,6,7328
636,ImgROI_0_Tile_26_Date_20240802.tif,16,100220
637,ImgROI_0_Tile_26_Date_20240807.tif,17,97961
638,ImgROI_0_Tile_26_Date_20240812.tif,9,3181
639,ImgROI_0_Tile_26_Date_20240817.tif,18,104128
640,ImgROI_0_Tile_26_Date_20240822.tif,12,4918
641,ImgROI_0_Tile_26_Date_20240827.tif,17,130512
642,ImgROI_0_Tile_26_Date_20240901.tif,17,130040
643,ImgROI_0_Tile_26_Date_20240906.tif,17,129285
644,ImgROI_0_Tile_26_Date_20240911.tif,17,130172
645,ImgROI_0_Tile_26_Date_20240916.tif,18,130468
646,ImgROI_0_Tile_26_Date_20240921.tif,16,104688
647,ImgROI_0_Tile_26_Date_20240926.tif,17,72813
648,ImgROI_0_Tile_27_Date_20240603.tif,100,122339
649,ImgROI_0_Tile_27_Date_20240608.tif,65,26970
650,ImgROI_0_Tile_27_Date_20240613.tif,95,114433
651,ImgROI_0_Tile_27_Date_20240618.tif,88,123715
652,ImgROI_0_Tile_27_Date_20240623.tif,0,0
653,ImgROI_0_Tile_27_Date_20240628.tif,115,125759
654,ImgROI_0_Tile_27_Date_20240703.tif,63,36918
655,ImgROI_0_Tile_27_Date_20240708.tif,103,130319
656,ImgROI_0_Tile_27_Date_20240713.tif,113,127599
657,ImgROI_0_Tile_27_Date_20240718.tif,58,25581
658,ImgROI_0_Tile_27_Date_20240723.tif,105,119223
659,ImgROI_0_Tile_27_Date_20240728.tif,58,27143
660,ImgROI_0_Tile_27_Date_20240802.tif,103,125334
661,ImgROI_0_Tile_27_Date_20240807.tif,110,123692
662,ImgROI_0_Tile_27_Date_20240812.tif,1,250
663,ImgROI_0_Tile_27_Date_20240817.tif,102,124271
664,ImgROI_0_Tile_27_Date_20240822.tif,9,4476
665,ImgROI_0_Tile_27_Date_20240827.tif,99,123224
666,ImgROI_0_Tile_27_Date_20240901.tif,105,121478
667,ImgROI_0_Tile_27_Date_20240906.tif,109,121994
668,ImgROI_0_Tile_27_Date_20240911.tif,115,130645
669,ImgROI_0_Tile_27_Date_20240916.tif,112,129642
670,ImgROI_0_Tile_27_Date_20240921.tif,101,124024
671,ImgROI_0_Tile_27_Date_20240926.tif,110,131006
672,ImgROI_0_Tile_28_Date_20240603.tif,51,129470
673,ImgROI_0_Tile_28_Date_20240608.tif,11,16510
674,ImgROI_0_Tile_28_Date_20240613.tif,10,16916
675,ImgROI_0_Tile_28_Date_20240618.tif,52,114147
676,ImgROI_0_Tile_28_Date_20240623.tif,0,0
677,ImgROI_0_Tile_28_Date_20240628.tif,43,115804
678,ImgROI_0_Tile_28_Date_20240703.tif,0,0
679,ImgROI_0_Tile_28_Date_20240708.tif,52,123022
680,ImgROI_0_Tile_28_Date_20240713.tif,37,42341
681,ImgROI_0_Tile_28_Date_20240718.tif,49,118028
682,ImgROI_0_Tile_28_Date_20240723.tif,42,104135
683,ImgROI_0_Tile_28_Date_20240728.tif,47,101023
684,ImgROI_0_Tile_28_Date_20240802.tif,48,121278
685,ImgROI_0_Tile_28_Date_20240807.tif,61,151876
686,ImgROI_0_Tile_28_Date_20240812.tif,44,37921
687,ImgROI_0_Tile_28_Date_20240817.tif,49,104278
688,ImgROI_0_Tile_28_Date_20240822.tif,29,20024
689,ImgROI_0_Tile_28_Date_20240827.tif,48,114862
690,ImgROI_0_Tile_28_Date_20240901.tif,55,57208
691,ImgROI_0_Tile_28_Date_20240906.tif,57,110574
692,ImgROI_0_Tile_28_Date_20240911.tif,61,51042
693,ImgROI_0_Tile_28_Date_20240916.tif,56,104883
694,ImgROI_0_Tile_28_Date_20240921.tif,55,106752
695,ImgROI_0_Tile_28_Date_20240926.tif,52,103527
696,ImgROI_0_Tile_29_Date_20240603.tif,15,15621
697,ImgROI_0_Tile_29_Date_20240608.tif,0,0
698,ImgROI_0_Tile_29_Date_20240613.tif,0,0
699,ImgROI_0_Tile_29_Date_20240618.tif,7,4037
700,ImgROI_0_Tile_29_Date_20240623.tif,0,0
701,ImgROI_0_Tile_29_Date_20240628.tif,14,79361
702,ImgROI_0_Tile_29_Date_20240703.tif,0,0
703,ImgROI_0_Tile_29_Date_20240708.tif,16,78778
704,ImgROI_0_Tile_29_Date_20240713.tif,13,60609
705,ImgROI_0_Tile_29_Date_20240718.tif,13,4611
706,ImgROI_0_Tile_29_Date_20240723.tif,12,77283
707,ImgROI_0_Tile_29_Date_20240728.tif,15,77508
708,ImgROI_0_Tile_29_Date_20240802.tif,13,76992
709,ImgROI_0_Tile_29_Date_20240807.tif,13,75362
710,ImgROI_0_Tile_29_Date_20240812.tif,7,14687
711,ImgROI_0_Tile_29_Date_20240817.tif,13,77344
712,ImgROI_0_Tile_29_Date_20240822.tif,5,3193
713,ImgROI_0_Tile_29_Date_20240827.tif,13,79359
714,ImgROI_0_Tile_29_Date_20240901.tif,13,77524
715,ImgROI_0_Tile_29_Date_20240906.tif,12,78048
716,ImgROI_0_Tile_29_Date_20240911.tif,13,80225
717,ImgROI_0_Tile_29_Date_20240916.tif,15,84047
718,ImgROI_0_Tile_29_Date_20240921.tif,12,78271
719,ImgROI_0_Tile_29_Date_20240926.tif,15,73290
720,ImgROI_0_Tile_30_Date_20240603.tif,92,64878
721,ImgROI_0_Tile_30_Date_20240608.tif,0,0
722,ImgROI_0_Tile_30_Date_20240613.tif,63,34053
723,ImgROI_0_Tile_30_Date_20240618.tif,33,27649
724,ImgROI_0_Tile_30_Date_20240623.tif,0,0
725,ImgROI_0_Tile_30_Date_20240628.tif,95,65004
726,ImgROI_0_Tile_30_Date_20240703.tif,1,102
727,ImgROI_0_Tile_30_Date_20240708.tif,99,76242
728,ImgROI_0_Tile_30_Date_20240713.tif,80,53896
729,ImgROI_0_Tile_30_Date_20240718.tif,82,70921
730,ImgROI_0_Tile_30_Date_20240723.tif,101,74220
731,ImgROI_0_Tile_30_Date_20240728.tif,68,28716
732,ImgROI_0_Tile_30_Date_20240802.tif,91,76966
733,ImgROI_0_Tile_30_Date_20240807.tif,93,59438
734,ImgROI_0_Tile_30_Date_20240812.tif,61,30542
735,ImgROI_0_Tile_30_Date_20240817.tif,95,77058
736,ImgROI_0_Tile_30_Date_20240822.tif,37,16643
737,ImgROI_0_Tile_30_Date_20240827.tif,90,84842
738,ImgROI_0_Tile_30_Date_20240901.tif,96,63317
739,ImgROI_0_Tile_30_Date_20240906.tif,96,65409
740,ImgROI_0_Tile_30_Date_20240911.tif,99,61642
741,ImgROI_0_Tile_30_Date_20240916.tif,101,60368
742,ImgROI_0_Tile_30_Date_20240921.tif,97,57049
743,ImgROI_0_Tile_30_Date_20240926.tif,106,68669
744,ImgROI_0_Tile_31_Date_20240603.tif,17,111476
745,ImgROI_0_Tile_31_Date_20240608.tif,4,595
746,ImgROI_0_Tile_31_Date_20240613.tif,14,128305
747,ImgROI_0_Tile_31_Date_20240618.tif,17,129455
748,ImgROI_0_Tile_31_Date_20240623.tif,0,0
749,ImgROI_0_Tile_31_Date_20240628.tif,13,127232
750,ImgROI_0_Tile_31_Date_20240703.tif,0,0
751,ImgROI_0_Tile_31_Date_20240708.tif,12,109521
752,ImgROI_0_Tile_31_Date_20240713.tif,10,110479
753,ImgROI_0_Tile_31_Date_20240718.tif,14,99132
754,ImgROI_0_Tile_31_Date_20240723.tif,15,111613
755,ImgROI_0_Tile_31_Date_20240728.tif,10,1224
756,ImgROI_0_Tile_31_Date_20240802.tif,15,106796
757,ImgROI_0_Tile_31_Date_20240807.tif,17,108571
758,ImgROI_0_Tile_31_Date_20240812.tif,16,6211
759,ImgROI_0_Tile_31_Date_20240817.tif,15,112068
760,ImgROI_0_Tile_31_Date_20240822.tif,5,3085
761,ImgROI_0_Tile_31_Date_20240827.tif,15,119779
762,ImgROI_0_Tile_31_Date_20240901.tif,14,122427
763,ImgROI_0_Tile_31_Date_20240906.tif,14,118537
764,ImgROI_0_Tile_31_Date_20240911.tif,18,133872
765,ImgROI_0_Tile_31_Date_20240916.tif,16,135660
766,ImgROI_0_Tile_31_Date_20240921.tif,15,135928
767,ImgROI_0_Tile_31_Date_20240926.tif,15,134986
768,ImgROI_0_Tile_32_Date_20240603.tif,74,100557
769,ImgROI_0_Tile_32_Date_20240608.tif,47,25766
770,ImgROI_0_Tile_32_Date_20240613.tif,91,91357
771,ImgROI_0_Tile_32_Date_20240618.tif,94,88117
772,ImgROI_0_Tile_32_Date_20240623.tif,0,0
773,ImgROI_0_Tile_32_Date_20240628.tif,91,78654
774,ImgROI_0_Tile_32_Date_20240703.tif,0,0
775,ImgROI_0_Tile_32_Date_20240708.tif,93,109753
776,ImgROI_0_Tile_32_Date_20240713.tif,87,104858
777,ImgROI_0_Tile_32_Date_20240718.tif,81,82492
778,ImgROI_0_Tile_32_Date_20240723.tif,94,80452
779,ImgROI_0_Tile_32_Date_20240728.tif,74,78411
780,ImgROI_0_Tile_32_Date_20240802.tif,96,75238
781,ImgROI_0_Tile_32_Date_20240807.tif,96,82649
782,ImgROI_0_Tile_32_Date_20240812.tif,50,44304
783,ImgROI_0_Tile_32_Date_20240817.tif,92,90830
784,ImgROI_0_Tile_32_Date_20240822.tif,54,43890
785,ImgROI_0_Tile_32_Date_20240827.tif,100,85507
786,ImgROI_0_Tile_32_Date_20240901.tif,99,85125
787,ImgROI_0_Tile_32_Date_20240906.tif,105,91135
788,ImgROI_0_Tile_32_Date_20240911.tif,104,87966
789,ImgROI_0_Tile_32_Date_20240916.tif,104,68366
790,ImgROI_0_Tile_32_Date_20240921.tif,98,65689
791,ImgROI_0_Tile_32_Date_20240926.tif,98,67801
792,ImgROI_0_Tile_33_Date_20240603.tif,81,114380
793,ImgROI_0_Tile_33_Date_20240608.tif,9,7109
794,ImgROI_0_Tile_33_Date_20240613.tif,55,63641
795,ImgROI_0_Tile_33_Date_20240618.tif,77,82132
796,ImgROI_0_Tile_33_Date_20240623.tif,0,0
797,ImgROI_0_Tile_33_Date_20240628.tif,80,95404
798,ImgROI_0_Tile_33_Date_20240703.tif,0,0
799,ImgROI_0_Tile_33_Date_20240708.tif,90,100494
800,ImgROI_0_Tile_33_Date_20240713.tif,90,122638
801,ImgROI_0_Tile_33_Date_20240718.tif,95,101619
802,ImgROI_0_Tile_33_Date_20240723.tif,94,80067
803,ImgROI_0_Tile_33_Date_20240728.tif,69,54408
804,ImgROI_0_Tile_33_Date_20240802.tif,101,103919
805,ImgROI_0_Tile_33_Date_20240807.tif,102,82652
806,ImgROI_0_Tile_33_Date_20240812.tif,33,23854
807,ImgROI_0_Tile_33_Date_20240817.tif,99,107117
808,ImgROI_0_Tile_33_Date_20240822.tif,21,18555
809,ImgROI_0_Tile_33_Date_20240827.tif,111,89131
810,ImgROI_0_Tile_33_Date_20240901.tif,114,93254
811,ImgROI_0_Tile_33_Date_20240906.tif,114,99834
812,ImgROI_0_Tile_33_Date_20240911.tif,115,93680
813,ImgROI_0_Tile_33_Date_20240916.tif,118,95253
814,ImgROI_0_Tile_33_Date_20240921.tif,115,86892
815,ImgROI_0_Tile_33_Date_20240926.tif,114,90801
816,ImgROI_0_Tile_34_Date_20240603.tif,110,71723
817,ImgROI_0_Tile_34_Date_20240608.tif,49,32648
818,ImgROI_0_Tile_34_Date_20240613.tif,93,65750
819,ImgROI_0_Tile_34_Date_20240618.tif,98,81744
820,ImgROI_0_Tile_34_Date_20240623.tif,0,0
821,ImgROI_0_Tile_34_Date_20240628.tif,92,84434
822,ImgROI_0_Tile_34_Date_20240703.tif,0,0
823,ImgROI_0_Tile_34_Date_20240708.tif,98,83931
824,ImgROI_0_Tile_34_Date_20240713.tif,106,81555
825,ImgROI_0_Tile_34_Date_20240718.tif,63,30380
826,ImgROI_0_Tile_34_Date_20240723.tif,108,85273
827,ImgROI_0_Tile_34_Date_20240728.tif,84,74423
828,ImgROI_0_Tile_34_Date_20240802.tif,117,84468
829,ImgROI_0_Tile_34_Date_20240807.tif,118,84389
830,ImgROI_0_Tile_34_Date_20240812.tif,70,68811
831,ImgROI_0_Tile_34_Date_20240817.tif,105,87514
832,ImgROI_0_Tile_34_Date_20240822.tif,55,27646
833,ImgROI_0_Tile_34_Date_20240827.tif,112,88496
834,ImgROI_0_Tile_34_Date_20240901.tif,117,85653
835,ImgROI_0_Tile_34_Date_20240906.tif,113,86774
836,ImgROI_0_Tile_34_Date_20240911.tif,118,87019
837,ImgROI_0_Tile_34_Date_20240916.tif,118,88827
838,ImgROI_0_Tile_34_Date_20240921.tif,117,94624
839,ImgROI_0_Tile_34_Date_20240926.tif,113,91940
840,ImgROI_0_Tile_35_Date_20240603.tif,50,106840
841,ImgROI_0_Tile_35_Date_20240608.tif,9,3116
842,ImgROI_0_Tile_35_Date_20240613.tif,48,109335
843,ImgROI_0_Tile_35_Date_20240618.tif,52,113751
844,ImgROI_0_Tile_35_Date_20240623.tif,0,0
845,ImgROI_0_Tile_35_Date_20240628.tif,45,110507
846,ImgROI_0_Tile_35_Date_20240703.tif,1,139
847,ImgROI_0_Tile_35_Date_20240708.tif,48,115317
848,ImgROI_0_Tile_35_Date_20240713.tif,43,111857
849,ImgROI_0_Tile_35_Date_20240718.tif,35,42727
850,ImgROI_0_Tile_35_Date_20240723.tif,46,114777
851,ImgROI_0_Tile_35_Date_20240728.tif,37,114379
852,ImgROI_0_Tile_35_Date_20240802.tif,51,118925
853,ImgROI_0_Tile_35_Date_20240807.tif,54,118117
854,ImgROI_0_Tile_35_Date_20240812.tif,31,12255
855,ImgROI_0_Tile_35_Date_20240817.tif,47,123800
856,ImgROI_0_Tile_35_Date_20240822.tif,21,78234
857,ImgROI_0_Tile_35_Date_20240827.tif,45,117855
858,ImgROI_0_Tile_35_Date_20240901.tif,50,116282
859,ImgROI_0_Tile_35_Date_20240906.tif,49,116995
860,ImgROI_0_Tile_35_Date_20240911.tif,55,118135
861,ImgROI_0_Tile_35_Date_20240916.tif,54,119943
862,ImgROI_0_Tile_35_Date_20240921.tif,53,117331
863,ImgROI_0_Tile_35_Date_20240926.tif,57,117581
864,ImgROI_0_Tile_36_Date_20240603.tif,52,41544
865,ImgROI_0_Tile_36_Date_20240608.tif,19,8848
866,ImgROI_0_Tile_36_Date_20240613.tif,6,589
867,ImgROI_0_Tile_36_Date_20240618.tif,46,37058
868,ImgROI_0_Tile_36_Date_20240623.tif,0,0
869,ImgROI_0_Tile_36_Date_20240628.tif,50,40454
870,ImgROI_0_Tile_36_Date_20240703.tif,0,0
871,ImgROI_0_Tile_36_Date_20240708.tif,46,36746
872,ImgROI_0_Tile_36_Date_20240713.tif,51,46642
873,ImgROI_0_Tile_36_Date_20240718.tif,42,33743
874,ImgROI_0_Tile_36_Date_20240723.tif,46,31489
875,ImgROI_0_Tile_36_Date_20240728.tif,46,76955
876,ImgROI_0_Tile_36_Date_20240802.tif,44,37528
877,ImgROI_0_Tile_36_Date_20240807.tif,48,30469
878,ImgROI_0_Tile_36_Date_20240812.tif,26,19857
879,ImgROI_0_Tile_36_Date_20240817.tif,46,106076
880,ImgROI_0_Tile_36_Date_20240822.tif,35,39029
881,ImgROI_0_Tile_36_Date_20240827.tif,52,85657
882,ImgROI_0_Tile_36_Date_20240901.tif,50,82253
883,ImgROI_0_Tile_36_Date_20240906.tif,53,85093
884,ImgROI_0_Tile_36_Date_20240911.tif,51,40479
885,ImgROI_0_Tile_36_Date_20240916.tif,46,77439
886,ImgROI_0_Tile_36_Date_20240921.tif,45,99348
887,ImgROI_0_Tile_36_Date_20240926.tif,46,100009
888,ImgROI_0_Tile_37_Date_20240603.tif,14,58207
889,ImgROI_0_Tile_37_Date_20240608.tif,1,198
890,ImgROI_0_Tile_37_Date_20240613.tif,9,14872
891,ImgROI_0_Tile_37_Date_20240618.tif,17,80131
892,ImgROI_0_Tile_37_Date_20240623.tif,0,0
893,ImgROI_0_Tile_37_Date_20240628.tif,19,82968
894,ImgROI_0_Tile_37_Date_20240703.tif,0,0
895,ImgROI_0_Tile_37_Date_20240708.tif,20,81454
896,ImgROI_0_Tile_37_Date_20240713.tif,19,82746
897,ImgROI_0_Tile_37_Date_20240718.tif,20,75281
898,ImgROI_0_Tile_37_Date_20240723.tif,21,81122
899,ImgROI_0_Tile_37_Date_20240728.tif,23,31142
900,ImgROI_0_Tile_37_Date_20240802.tif,20,71322
901,ImgROI_0_Tile_37_Date_20240807.tif,17,77559
902,ImgROI_0_Tile_37_Date_20240812.tif,4,2989
903,ImgROI_0_Tile_37_Date_20240817.tif,17,71354
904,ImgROI_0_Tile_37_Date_20240822.tif,6,3302
905,ImgROI_0_Tile_37_Date_20240827.tif,21,73021
906,ImgROI_0_Tile_37_Date_20240901.tif,21,80998
907,ImgROI_0_Tile_37_Date_20240906.tif,23,76606
908,ImgROI_0_Tile_37_Date_20240911.tif,23,85409
909,ImgROI_0_Tile_37_Date_20240916.tif,22,29320
910,ImgROI_0_Tile_37_Date_20240921.tif,23,78889
911,ImgROI_0_Tile_37_Date_20240926.tif,25,83791
912,ImgROI_0_Tile_38_Date_20240603.tif,8,83653
913,ImgROI_0_Tile_38_Date_20240608.tif,2,1343
914,ImgROI_0_Tile_38_Date_20240613.tif,0,0
915,ImgROI_0_Tile_38_Date_20240618.tif,5,3205
916,ImgROI_0_Tile_38_Date_20240623.tif,0,0
917,ImgROI_0_Tile_38_Date_20240628.tif,4,91513
918,ImgROI_0_Tile_38_Date_20240703.tif,1,216
919,ImgROI_0_Tile_38_Date_20240708.tif,6,108219
920,ImgROI_0_Tile_38_Date_20240713.tif,5,108493
921,ImgROI_0_Tile_38_Date_20240718.tif,5,108366
922,ImgROI_0_Tile_38_Date_20240723.tif,4,91519
923,ImgROI_0_Tile_38_Date_20240728.tif,5,8998
924,ImgROI_0_Tile_38_Date_20240802.tif,6,108451
925,ImgROI_0_Tile_38_Date_20240807.tif,7,108425
926,ImgROI_0_Tile_38_Date_20240812.tif,3,950
927,ImgROI_0_Tile_38_Date_20240817.tif,7,108452
928,ImgROI_0_Tile_38_Date_20240822.tif,4,542
929,ImgROI_0_Tile_38_Date_20240827.tif,8,108772
930,ImgROI_0_Tile_38_Date_20240901.tif,8,108403
931,ImgROI_0_Tile_38_Date_20240906.tif,8,108574
932,ImgROI_0_Tile_38_Date_20240911.tif,8,108558
933,ImgROI_0_Tile_38_Date_20240916.tif,8,108739
934,ImgROI_0_Tile_38_Date_20240921.tif,8,127079
935,ImgROI_0_Tile_38_Date_20240926.tif,12,100320
936,ImgROI_0_Tile_39_Date_20240603.tif,13,88933
937,ImgROI_0_Tile_39_Date_20240608.tif,9,9181
938,ImgROI_0_Tile_39_Date_20240613.tif,7,23046
939,ImgROI_0_Tile_39_Date_20240618.tif,5,6313
940,ImgROI_0_Tile_39_Date_20240623.tif,0,0
941,ImgROI_0_Tile_39_Date_20240628.tif,9,73928
942,ImgROI_0_Tile_39_Date_20240703.tif,0,0
943,ImgROI_0_Tile_39_Date_20240708.tif,10,74079
944,ImgROI_0_Tile_39_Date_20240713.tif,9,87358
945,ImgROI_0_Tile_39_Date_20240718.tif,13,87865
946,ImgROI_0_Tile_39_Date_20240723.tif,10,82422
947,ImgROI_0_Tile_39_Date_20240728.tif,11,19842
948,ImgROI_0_Tile_39_Date_20240802.tif,11,81990
949,ImgROI_0_Tile_39_Date_20240807.tif,13,83023
950,ImgROI_0_Tile_39_Date_20240812.tif,12,13093
951,ImgROI_0_Tile_39_Date_20240817.tif,14,83916
952,ImgROI_0_Tile_39_Date_20240822.tif,5,3477
953,ImgROI_0_Tile_39_Date_20240827.tif,12,75690
954,ImgROI_0_Tile_39_Date_20240901.tif,11,71699
955,ImgROI_0_Tile_39_Date_20240906.tif,11,75468
956,ImgROI_0_Tile_39_Date_20240911.tif,9,73761
957,ImgROI_0_Tile_39_Date_20240916.tif,11,73149
958,ImgROI_0_Tile_39_Date_20240921.tif,11,74718
959,ImgROI_0_Tile_39_Date_20240926.tif,10,71478
960,ImgROI_0_Tile_40_Date_20240603.tif,100,84295
961,ImgROI_0_Tile_40_Date_20240608.tif,23,2422
962,ImgROI_0_Tile_40_Date_20240613.tif,92,84816
963,ImgROI_0_Tile_40_Date_20240618.tif,84,80101
964,ImgROI_0_Tile_40_Date_20240623.tif,0,0
965,ImgROI_0_Tile_40_Date_20240628.tif,93,82162
966,ImgROI_0_Tile_40_Date_20240703.tif,0,0
967,ImgROI_0_Tile_40_Date_20240708.tif,104,85953
968,ImgROI_0_Tile_40_Date_20240713.tif,104,87602
969,ImgROI_0_Tile_40_Date_20240718.tif,98,89223
970,ImgROI_0_Tile_40_Date_20240723.tif,104,93666
971,ImgROI_0_Tile_40_Date_20240728.tif,59,9683
972,ImgROI_0_Tile_40_Date_20240802.tif,119,94349
973,ImgROI_0_Tile_40_Date_20240807.tif,124,95923
974,ImgROI_0_Tile_40_Date_20240812.tif,42,8183
975,ImgROI_0_Tile_40_Date_20240817.tif,124,98035
976,ImgROI_0_Tile_40_Date_20240822.tif,16,6478
977,ImgROI_0_Tile_40_Date_20240827.tif,111,93438
978,ImgROI_0_Tile_40_Date_20240901.tif,114,93611
979,ImgROI_0_Tile_40_Date_20240906.tif,113,93316
980,ImgROI_0_Tile_40_Date_20240911.tif,127,93920
981,ImgROI_0_Tile_40_Date_20240916.tif,117,91102
982,ImgROI_0_Tile_40_Date_20240921.tif,116,94146
983,ImgROI_0_Tile_40_Date_20240926.tif,117,91267
984,ImgROI_0_Tile_41_Date_20240603.tif,74,157566
985,ImgROI_0_Tile_41_Date_20240608.tif,0,0
986,ImgROI_0_Tile_41_Date_20240613.tif,22,14492
987,ImgROI_0_Tile_41_Date_20240618.tif,47,141887
988,ImgROI_0_Tile_41_Date_20240623.tif,0,0
989,ImgROI_0_Tile_41_Date_20240628.tif,65,87462
990,ImgROI_0_Tile_41_Date_20240703.tif,1,599
991,ImgROI_0_Tile_41_Date_20240708.tif,73,105549
992,ImgROI_0_Tile_41_Date_20240713.tif,72,115513
993,ImgROI_0_Tile_41_Date_20240718.tif,74,116445
994,ImgROI_0_Tile_41_Date_20240723.tif,64,110130
995,ImgROI_0_Tile_41_Date_20240728.tif,34,25849
996,ImgROI_0_Tile_41_Date_20240802.tif,67,102321
997,ImgROI_0_Tile_41_Date_20240807.tif,70,78911
998,ImgROI_0_Tile_41_Date_20240812.tif,33,26857
999,ImgROI_0_Tile_41_Date_20240817.tif,70,106967
1000,ImgROI_0_Tile_41_Date_20240822.tif,23,16836
1001,ImgROI_0_Tile_41_Date_20240827.tif,72,108724
1002,ImgROI_0_Tile_41_Date_20240901.tif,71,99426
1003,ImgROI_0_Tile_41_Date_20240906.tif,69,112057
1004,ImgROI_0_Tile_41_Date_20240911.tif,70,103474
1005,ImgROI_0_Tile_41_Date_20240916.tif,69,105543
1006,ImgROI_0_Tile_41_Date_20240921.tif,77,106240
1007,ImgROI_0_Tile_41_Date_20240926.tif,89,113069
1008,ImgROI_0_Tile_42_Date_20240603.tif,67,105275
1009,ImgROI_0_Tile_42_Date_20240608.tif,80,99475
1010,ImgROI_0_Tile_42_Date_20240613.tif,61,107503
1011,ImgROI_0_Tile_42_Date_20240618.tif,69,107438
1012,ImgROI_0_Tile_42_Date_20240623.tif,0,0
1013,ImgROI_0_Tile_42_Date_20240628.tif,68,110022
1014,ImgROI_0_Tile_42_Date_20240703.tif,2,907
1015,ImgROI_0_Tile_42_Date_20240708.tif,61,104963
1016,ImgROI_0_Tile_42_Date_20240713.tif,58,95082
1017,ImgROI_0_Tile_42_Date_20240718.tif,59,24660
1018,ImgROI_0_Tile_42_Date_20240723.tif,74,125672
1019,ImgROI_0_Tile_42_Date_20240728.tif,21,11244
1020,ImgROI_0_Tile_42_Date_20240802.tif,78,133183
1021,ImgROI_0_Tile_42_Date_20240807.tif,85,70446
1022,ImgROI_0_Tile_42_Date_20240812.tif,26,11330
1023,ImgROI_0_Tile_42_Date_20240817.tif,78,138282
1024,ImgROI_0_Tile_42_Date_20240822.tif,15,15694
1025,ImgROI_0_Tile_42_Date_20240827.tif,69,145623
1026,ImgROI_0_Tile_42_Date_20240901.tif,79,142667
1027,ImgROI_0_Tile_42_Date_20240906.tif,72,63993
1028,ImgROI_0_Tile_42_Date_20240911.tif,71,62458
1029,ImgROI_0_Tile_42_Date_20240916.tif,71,67826
1030,ImgROI_0_Tile_42_Date_20240921.tif,73,79694
1031,ImgROI_0_Tile_42_Date_20240926.tif,81,66599
1032,ImgROI_0_Tile_43_Date_20240603.tif,85,141527
1033,ImgROI_0_Tile_43_Date_20240608.tif,51,45832
1034,ImgROI_0_Tile_43_Date_20240613.tif,80,75796
1035,ImgROI_0_Tile_43_Date_20240618.tif,85,141587
1036,ImgROI_0_Tile_43_Date_20240623.tif,0,0
1037,ImgROI_0_Tile_43_Date_20240628.tif,73,77191
1038,ImgROI_0_Tile_43_Date_20240703.tif,0,0
1039,ImgROI_0_Tile_43_Date_20240708.tif,77,67277
1040,ImgROI_0_Tile_43_Date_20240713.tif,78,139741
1041,ImgROI_0_Tile_43_Date_20240718.tif,48,24431
1042,ImgROI_0_Tile_43_Date_20240723.tif,77,69992
1043,ImgROI_0_Tile_43_Date_20240728.tif,66,46999
1044,ImgROI_0_Tile_43_Date_20240802.tif,86,85474
1045,ImgROI_0_Tile_43_Date_20240807.tif,87,71117
1046,ImgROI_0_Tile_43_Date_20240812.tif,43,58109
1047,ImgROI_0_Tile_43_Date_20240817.tif,80,70472
1048,ImgROI_0_Tile_43_Date_20240822.tif,15,18627
1049,ImgROI_0_Tile_43_Date_20240827.tif,84,73790
1050,ImgROI_0_Tile_43_Date_20240901.tif,82,72357
1051,ImgROI_0_Tile_43_Date_20240906.tif,87,75041
1052,ImgROI_0_Tile_43_Date_20240911.tif,99,78913
1053,ImgROI_0_Tile_43_Date_20240916.tif,95,78191
1054,ImgROI_0_Tile_43_Date_20240921.tif,90,75485
1055,ImgROI_0_Tile_43_Date_20240926.tif,85,71495
1056,ImgROI_0_Tile_44_Date_20240603.tif,68,66216
1057,ImgROI_0_Tile_44_Date_20240608.tif,19,7097
1058,ImgROI_0_Tile_44_Date_20240613.tif,75,78514
1059,ImgROI_0_Tile_44_Date_20240618.tif,75,79245
1060,ImgROI_0_Tile_44_Date_20240623.tif,0,0
1061,ImgROI_0_Tile_44_Date_20240628.tif,71,73805
1062,ImgROI_0_Tile_44_Date_20240703.tif,0,0
1063,ImgROI_0_Tile_44_Date_20240708.tif,67,72648
1064,ImgROI_0_Tile_44_Date_20240713.tif,60,54765
1065,ImgROI_0_Tile_44_Date_20240718.tif,33,19458
1066,ImgROI_0_Tile_44_Date_20240723.tif,70,74112
1067,ImgROI_0_Tile_44_Date_20240728.tif,61,32054
1068,ImgROI_0_Tile_44_Date_20240802.tif,64,75604
1069,ImgROI_0_Tile_44_Date_20240807.tif,71,81355
1070,ImgROI_0_Tile_44_Date_20240812.tif,42,14720
1071,ImgROI_0_Tile_44_Date_20240817.tif,68,70446
1072,ImgROI_0_Tile_44_Date_20240822.tif,0,0
1073,ImgROI_0_Tile_44_Date_20240827.tif,66,66243
1074,ImgROI_0_Tile_44_Date_20240901.tif,66,68020
1075,ImgROI_0_Tile_44_Date_20240906.tif,73,72803
1076,ImgROI_0_Tile_44_Date_20240911.tif,69,71358
1077,ImgROI_0_Tile_44_Date_20240916.tif,68,68298
1078,ImgROI_0_Tile_44_Date_20240921.tif,72,73103
1079,ImgROI_0_Tile_44_Date_20240926.tif,71,127490
1080,ImgROI_0_Tile_45_Date_20240603.tif,49,41501
1081,ImgROI_0_Tile_45_Date_20240608.tif,2,673
1082,ImgROI_0_Tile_45_Date_20240613.tif,93,161763
1083,ImgROI_0_Tile_45_Date_20240618.tif,100,126202
1084,ImgROI_0_Tile_45_Date_20240623.tif,0,0
1085,ImgROI_0_Tile_45_Date_20240628.tif,113,102998
1086,ImgROI_0_Tile_45_Date_20240703.tif,1,235
1087,ImgROI_0_Tile_45_Date_20240708.tif,128,176495
1088,ImgROI_0_Tile_45_Date_20240713.tif,127,111632
1089,ImgROI_0_Tile_45_Date_20240718.tif,100,83578
1090,ImgROI_0_Tile_45_Date_20240723.tif,109,97775
1091,ImgROI_0_Tile_45_Date_20240728.tif,57,49009
1092,ImgROI_0_Tile_45_Date_20240802.tif,116,102334
1093,ImgROI_0_Tile_45_Date_20240807.tif,111,115075
1094,ImgROI_0_Tile_45_Date_20240812.tif,66,40243
1095,ImgROI_0_Tile_45_Date_20240817.tif,114,164396
1096,ImgROI_0_Tile_45_Date_20240822.tif,53,26331
1097,ImgROI_0_Tile_45_Date_20240827.tif,120,159737
1098,ImgROI_0_Tile_45_Date_20240901.tif,119,153978
1099,ImgROI_0_Tile_45_Date_20240906.tif,120,148866
1100,ImgROI_0_Tile_45_Date_20240911.tif,119,174075
1101,ImgROI_0_Tile_45_Date_20240916.tif,107,167686
1102,ImgROI_0_Tile_45_Date_20240921.tif,118,148805
1103,ImgROI_0_Tile_45_Date_20240926.tif,113,154491
1104,ImgROI_0_Tile_46_Date_20240603.tif,64,97171
1105,ImgROI_0_Tile_46_Date_20240608.tif,0,0
1106,ImgROI_0_Tile_46_Date_20240613.tif,77,66366
1107,ImgROI_0_Tile_46_Date_20240618.tif,45,31876
1108,ImgROI_0_Tile_46_Date_20240623.tif,0,0
1109,ImgROI_0_Tile_46_Date_20240628.tif,71,72860
1110,ImgROI_0_Tile_46_Date_20240703.tif,3,895
1111,ImgROI_0_Tile_46_Date_20240708.tif,72,70427
1112,ImgROI_0_Tile_46_Date_20240713.tif,62,47653
1113,ImgROI_0_Tile_46_Date_20240718.tif,86,79468
1114,ImgROI_0_Tile_46_Date_20240723.tif,75,70671
1115,ImgROI_0_Tile_46_Date_20240728.tif,59,50693
1116,ImgROI_0_Tile_46_Date_20240802.tif,77,76831
1117,ImgROI_0_Tile_46_Date_20240807.tif,83,84773
1118,ImgROI_0_Tile_46_Date_20240812.tif,13,12217
1119,ImgROI_0_Tile_46_Date_20240817.tif,75,80807
1120,ImgROI_0_Tile_46_Date_20240822.tif,12,4447
1121,ImgROI_0_Tile_46_Date_20240827.tif,73,70304
1122,ImgROI_0_Tile_46_Date_20240901.tif,84,79546
1123,ImgROI_0_Tile_46_Date_20240906.tif,78,74794
1124,ImgROI_0_Tile_46_Date_20240911.tif,88,87673
1125,ImgROI_0_Tile_46_Date_20240916.tif,83,80845
1126,ImgROI_0_Tile_46_Date_20240921.tif,79,131871
1127,ImgROI_0_Tile_46_Date_20240926.tif,76,73270
1128,ImgROI_0_Tile_47_Date_20240603.tif,64,72096
1129,ImgROI_0_Tile_47_Date_20240608.tif,3,278
1130,ImgROI_0_Tile_47_Date_20240613.tif,39,27230
1131,ImgROI_0_Tile_47_Date_20240618.tif,69,75715
1132,ImgROI_0_Tile_47_Date_20240623.tif,0,0
1133,ImgROI_0_Tile_47_Date_20240628.tif,76,96237
1134,ImgROI_0_Tile_47_Date_20240703.tif,2,1398
1135,ImgROI_0_Tile_47_Date_20240708.tif,74,99318
1136,ImgROI_0_Tile_47_Date_20240713.tif,66,91673
1137,ImgROI_0_Tile_47_Date_20240718.tif,68,92084
1138,ImgROI_0_Tile_47_Date_20240723.tif,64,91391
1139,ImgROI_0_Tile_47_Date_20240728.tif,47,12359
1140,ImgROI_0_Tile_47_Date_20240802.tif,65,91237
1141,ImgROI_0_Tile_47_Date_20240807.tif,71,93786
1142,ImgROI_0_Tile_47_Date_20240812.tif,15,5727
1143,ImgROI_0_Tile_47_Date_20240817.tif,71,91316
1144,ImgROI_0_Tile_47_Date_20240822.tif,30,33726
1145,ImgROI_0_Tile_47_Date_20240827.tif,62,90481
1146,ImgROI_0_Tile_47_Date_20240901.tif,66,89012
1147,ImgROI_0_Tile_47_Date_20240906.tif,67,90982
1148,ImgROI_0_Tile_47_Date_20240911.tif,68,86086
1149,ImgROI_0_Tile_47_Date_20240916.tif,71,90956
1150,ImgROI_0_Tile_47_Date_20240921.tif,70,90998
1151,ImgROI_0_Tile_47_Date_20240926.tif,60,83373
1152,ImgROI_0_Tile_48_Date_20240603.tif,30,12752
1153,ImgROI_0_Tile_48_Date_20240608.tif,15,3236
1154,ImgROI_0_Tile_48_Date_20240613.tif,15,2546
1155,ImgROI_0_Tile_48_Date_20240618.tif,40,43892
1156,ImgROI_0_Tile_48_Date_20240623.tif,0,0
1157,ImgROI_0_Tile_48_Date_20240628.tif,42,48865
1158,ImgROI_0_Tile_48_Date_20240703.tif,4,338
1159,ImgROI_0_Tile_48_Date_20240708.tif,43,48747
1160,ImgROI_0_Tile_48_Date_20240713.tif,50,51145
1161,ImgROI_0_Tile_48_Date_20240718.tif,49,49680
1162,ImgROI_0_Tile_48_Date_20240723.tif,39,42280
1163,ImgROI_0_Tile_48_Date_20240728.tif,43,40519
1164,ImgROI_0_Tile_48_Date_20240802.tif,46,51143
1165,ImgROI_0_Tile_48_Date_20240807.tif,50,46883
1166,ImgROI_0_Tile_48_Date_20240812.tif,47,50444
1167,ImgROI_0_Tile_48_Date_20240817.tif,44,42900
1168,ImgROI_0_Tile_48_Date_20240822.tif,2,964
1169,ImgROI_0_Tile_48_Date_20240827.tif,45,51403
1170,ImgROI_0_Tile_48_Date_20240901.tif,51,46685
1171,ImgROI_0_Tile_48_Date_20240906.tif,55,48687
1172,ImgROI_0_Tile_48_Date_20240911.tif,60,47374
1173,ImgROI_0_Tile_48_Date_20240916.tif,52,44343
1174,ImgROI_0_Tile_48_Date_20240921.tif,51,44624
1175,ImgROI_0_Tile_48_Date_20240926.tif,48,51244
1176,ImgROI_0_Tile_49_Date_20240603.tif,35,21938
1177,ImgROI_0_Tile_49_Date_20240608.tif,4,1154
1178,ImgROI_0_Tile_49_Date_20240613.tif,35,52536
1179,ImgROI_0_Tile_49_Date_20240618.tif,75,53838
1180,ImgROI_0_Tile_49_Date_20240623.tif,0,0
1181,ImgROI_0_Tile_49_Date_20240628.tif,99,131921
1182,ImgROI_0_Tile_49_Date_20240703.tif,0,0
1183,ImgROI_0_Tile_49_Date_20240708.tif,93,107302
1184,ImgROI_0_Tile_49_Date_20240713.tif,101,101953
1185,ImgROI_0_Tile_49_Date_20240718.tif,84,85684
1186,ImgROI_0_Tile_49_Date_20240723.tif,90,64671
1187,ImgROI_0_Tile_49_Date_20240728.tif,66,38683
1188,ImgROI_0_Tile_49_Date_20240802.tif,103,100067
1189,ImgROI_0_Tile_49_Date_20240807.tif,102,119703
1190,ImgROI_0_Tile_49_Date_20240812.tif,61,45506
1191,ImgROI_0_Tile_49_Date_20240817.tif,98,109036
1192,ImgROI_0_Tile_49_Date_20240822.tif,20,8148
1193,ImgROI_0_Tile_49_Date_20240827.tif,108,88534
1194,ImgROI_0_Tile_49_Date_20240901.tif,109,79714
1195,ImgROI_0_Tile_49_Date_20240906.tif,107,101701
1196,ImgROI_0_Tile_49_Date_20240911.tif,106,105456
1197,ImgROI_0_Tile_49_Date_20240916.tif,107,83258
1198,ImgROI_0_Tile_49_Date_20240921.tif,109,120654
1199,ImgROI_0_Tile_49_Date_20240926.tif,105,95129
